"text","transcription","lang","text2","transcription2","lang2","translation","category","partOfSpeech"
"be (was, been)","[biː]","","","","","быть","Наиболее употребительные глаголы","Глаголы"
"do (did, done)","[duː]","","","","","делать","Наиболее употребительные глаголы","Глаголы"
"have (had, had)","[hæv]","","","","","иметь","Наиболее употребительные глаголы","Глаголы"
"make (made, made)","[meɪk]","","","","","делать","Наиболее употребительные глаголы","Глаголы"
"get (got, got/gotten)","[gɛt]","","","","","получать, становиться","Наиболее употребительные глаголы","Глаголы"
"go (went, gone)","[gəʊ]","","","","","идти","Наиболее употребительные глаголы","Глаголы"
"take (took, taken)","[teɪk]","","","","","брать","Наиболее употребительные глаголы","Глаголы"
"move","[muːv]","","","","","двигать","Основные глаголы движения","Глаголы"
"go (went, gone)","[gəʊ]","","","","","идти","Основные глаголы движения","Глаголы"
"walk","[wɔːk]","","","","","гулять","Основные глаголы движения","Глаголы"
"run (ran, run)","[rʌn]","","","","","бежать","Основные глаголы движения","Глаголы"
"turn","[tɜːn]","","","","","поворачивать","Основные глаголы движения","Глаголы"
"fly (flew, flown)","[flaɪ]","","","","","летать","Основные глаголы движения","Глаголы"
"drive (drove, driven)","[draɪv]","","","","","вести машину","Основные глаголы движения","Глаголы"
"swim (swam, swum)","[swɪm]","","","","","плыть","Основные глаголы движения","Глаголы"
"jump","[ʤʌmp]","","","","","прыгать","Основные глаголы движения","Глаголы"
"sit down","[sɪt daʊn]","","","","","садиться","Основные глаголы движения","Глаголы"
"lie down","[laɪ daʊn]","","","","","ложиться","Основные глаголы движения","Глаголы"
"stand up","[stænd ʌp]","","","","","вставать","Основные глаголы движения","Глаголы"
"stand (stood, stood)","[stænd]","","","","","стоять","Основные глаголы движения","Глаголы"
"lie (lay, lain)","[laɪ]","","","","","лежать","Основные глаголы движения","Глаголы"
"sit (sat, sitten)","[sɪt]","","","","","сидеть","Основные глаголы движения","Глаголы"
"step","[stɛp]","","","","","делать шаг","Основные глаголы движения","Глаголы"
"dance","[dɑːns]","","","","","танцевать","Основные глаголы движения","Глаголы"
"roll","[rəʊl]","","","","","катить","Основные глаголы движения","Глаголы"
"push","[pʊʃ]","","","","","толкать","Основные глаголы движения","Глаголы"
"pull","[pʊl]","","","","","тянуть","Основные глаголы движения","Глаголы"
"put (put, put)","[pʊt]","","","","","класть","Основные глаголы движения","Глаголы"
"take (took, taken)","[teɪk]","","","","","брать","Ручные действия","Глаголы"
"give (gave, given)","[gɪv]","","","","","давать","Ручные действия","Глаголы"
"pass","[pɑːs]","","","","","передавать","Ручные действия","Глаголы"
"throw (threw, thrown)","[θrəʊ]","","","","","бросать","Ручные действия","Глаголы"
"hit (hit, hit)","[hɪt]","","","","","бить","Ручные действия","Глаголы"
"touch","[tʌʧ]","","","","","прикасаться","Ручные действия","Глаголы"
"point at","[pɔɪnt æt]","","","","","указывать","Ручные действия","Глаголы"
"hold (held, held)","[həʊld]","","","","","держать","Ручные действия","Глаголы"
"knock","[nɒk]","","","","","стучать","Ручные действия","Глаголы"
"say","[seɪ]","","","","","сказать","Глаголы речи, общения","Глаголы"
"speak (spoke, spoken)","[spiːk]","","","","","говорить","Глаголы речи, общения","Глаголы"
"tell (told, told)","[tɛl]","","","","","рассказывать","Глаголы речи, общения","Глаголы"
"talk","[tɔːk]","","","","","разговаривать","Глаголы речи, общения","Глаголы"
"ask","[ɑːsk]","","","","","спрашивать","Глаголы речи, общения","Глаголы"
"answer","[ˈɑːnsə]","","","","","отвечать","Глаголы речи, общения","Глаголы"
"call","[kɔːl]","","","","","звонить","Глаголы речи, общения","Глаголы"
"text","[tɛkst]","","","","","писать сообщение","Глаголы речи, общения","Глаголы"
"cry","[kraɪ]","","","","","плакать","Глаголы речи, общения","Глаголы"
"explain","[ɪksˈpleɪn]","","","","","объяснять","Глаголы речи, общения","Глаголы"
"repeat","[rɪˈpiːt]","","","","","повторять","Глаголы речи, общения","Глаголы"
"understand (understood, understood)","[ˌʌndəˈstænd]","","","","","понимать","Глаголы речи, общения","Глаголы"
"teach (taught, taught)","[tiːʧ]","","","","","учить","Глаголы речи, общения","Глаголы"
"learn","[lɜːn]","","","","","учиться","Глаголы речи, общения","Глаголы"
"study","[ˈstʌdi]","","","","","изучать","Глаголы речи, общения","Глаголы"
"read (read, read)","[riːd]","","","","","читать","Глаголы речи, общения","Глаголы"
"write (wrote, written)","[raɪt]","","","","","писать","Глаголы речи, общения","Глаголы"
"watch","[wɒʧ]","","","","","наблюдать","Глаголы речи, общения","Глаголы"
"listen","[ˈlɪsn]","","","","","слушать","Глаголы речи, общения","Глаголы"
"hear (heard, heard)","[hɪə]","","","","","слышать","Глаголы речи, общения","Глаголы"
"help","[hɛlp]","","","","","помогать","Глаголы речи, общения","Глаголы"
"think (thought, thought)","[θɪŋk]","","","","","думать","Глаголы речи, общения","Глаголы"
"correct","[kəˈrɛkt]","","","","","исправлять","Глаголы речи, общения","Глаголы"
"make a mistake","[meɪk ə mɪsˈteɪk]","","","","","делать ошибку","Глаголы речи, общения","Глаголы"
"hint","[hɪnt]","","","","","подсказывать","Глаголы речи, общения","Глаголы"
"forget (forgot, forgotten)","[fəˈgɛt]","","","","","забывать","Глаголы речи, общения","Глаголы"
"remember","[rɪˈmɛmbə]","","","","","помнить","Глаголы речи, общения","Глаголы"
"remind","[ˈrɪmaɪnd]","","","","","напоминать","Глаголы речи, общения","Глаголы"
"live","[lɪv]","","","","","жить","Глаголы, обозначающие повседневные дела","Глаголы"
"sleep (slept, slept)","[sliːp]","","","","","спать","Глаголы, обозначающие повседневные дела","Глаголы"
"wake up (woke, woken)","[weɪk ʌp]","","","","","просыпаться","Глаголы, обозначающие повседневные дела","Глаголы"
"go to bed","[gəʊ tuː bɛd]","","","","","идти спать","Глаголы, обозначающие повседневные дела","Глаголы"
"take a shower","[teɪk ə ˈʃaʊə]","","","","","принимать душ","Глаголы, обозначающие повседневные дела","Глаголы"
"brush one’s teeth","[brʌʃ wʌnz tiːθ]","","","","","чистить зубы","Глаголы, обозначающие повседневные дела","Глаголы"
"comb one’s hair","[kəʊm wʌnz heə]","","","","","причесываться","Глаголы, обозначающие повседневные дела","Глаголы"
"shave","[ʃeɪv]","","","","","бриться","Глаголы, обозначающие повседневные дела","Глаголы"
"get dressed","[gɛt drɛst]","","","","","одеваться","Глаголы, обозначающие повседневные дела","Глаголы"
"put on make-up","[pʊt ɒn ˈmeɪkʌp]","","","","","делать макияж","Глаголы, обозначающие повседневные дела","Глаголы"
"make breakfast","[meɪk ˈbrɛkfəst]","","","","","готовить завтрак","Глаголы, обозначающие повседневные дела","Глаголы"
"have breakfast","[hæv ˈbrɛkfəst]","","","","","завтракать","Глаголы, обозначающие повседневные дела","Глаголы"
"go to work","[gəʊ tuː wɜːk]","","","","","идти на работу","Глаголы, обозначающие повседневные дела","Глаголы"
"work","[wɜːk]","","","","","работать","Глаголы, обозначающие повседневные дела","Глаголы"
"rest","[rɛst]","","","","","отдыхать","Глаголы, обозначающие повседневные дела","Глаголы"
"take a bath","[teɪk ə bɑːθ]","","","","","принимать ванну","Глаголы, обозначающие повседневные дела","Глаголы"
"cook","[kʊk]","","","","","готовить","Глаголы, обозначающие повседневные дела","Глаголы"
"eat (ate, eaten)","[iːt]","","","","","есть","Глаголы, обозначающие повседневные дела","Глаголы"
"do cleaning, clean","[duː ˈkliːnɪŋ] [kliːn]","","","","","убираться","Глаголы, обозначающие повседневные дела","Глаголы"
"do dishes","[duː dɪʃɪz]","","","","","мыть посуду","Глаголы, обозначающие повседневные дела","Глаголы"
"do the laundry","[duː ðə ˈlɔːndri]","","","","","заниматься стиркой","Глаголы, обозначающие повседневные дела","Глаголы"
"work out","[wɜːk aʊt]","","","","","заниматься спортом","Глаголы, обозначающие повседневные дела","Глаголы"
"have fun","[hæv fʌn]","","","","","развлекаться","Глаголы, обозначающие повседневные дела","Глаголы"
"play","[pleɪ]","","","","","играть","Глаголы, обозначающие повседневные дела","Глаголы"
"begin (began, begun)","[bɪˈgɪn]","","","","","начинаться","Этапы действия","Глаголы"
"start","[stɑːt]","","","","","начинать","Этапы действия","Глаголы"
"continue","[kənˈtɪnju(ː)]","","","","","продолжать","Этапы действия","Глаголы"
"go on","[gəʊ ɒn]","","","","","продолжать","Этапы действия","Глаголы"
"end","[ɛnd]","","","","","прекращать","Этапы действия","Глаголы"
"finish","[ˈfɪnɪʃ]","","","","","заканчивать","Этапы действия","Глаголы"
"stop","[stɒp]","","","","","останавливать","Этапы действия","Глаголы"
"complete","[kəmˈpliːt]","","","","","завершать","Этапы действия","Глаголы"
"postpone","[pɛʊstˈpəʊn]","","","","","переносить","Этапы действия","Глаголы"
"put off","[pʊt ɒf]","","","","","откладывать","Этапы действия","Глаголы"
"time","[taɪm]","","","","","время","Единицы времени, слова на тему ""Время""","Существительные"
"past","[pɑːst]","","","","","прошлое","Единицы времени, слова на тему ""Время""","Существительные"
"future","[ˈfjuːʧə]","","","","","будущее","Единицы времени, слова на тему ""Время""","Существительные"
"present","[ˈprɛznt]","","","","","настоящее","Единицы времени, слова на тему ""Время""","Существительные"
"age","[eɪʤ]","","","","","возраст","Единицы времени, слова на тему ""Время""","Существительные"
"millennium","[mɪlˈiːnɪəːm]","","","","","тысячелетие","Единицы времени, слова на тему ""Время""","Существительные"
"century","[ˈsɛnʧʊri]","","","","","век","Единицы времени, слова на тему ""Время""","Существительные"
"decade","[ˈdɛkeɪd]","","","","","десятилетие","Единицы времени, слова на тему ""Время""","Существительные"
"year","[jɪə]","","","","","год","Единицы времени, слова на тему ""Время""","Существительные"
"month","[mʌnθ]","","","","","месяц","Единицы времени, слова на тему ""Время""","Существительные"
"week","[wiːk]","","","","","неделя","Единицы времени, слова на тему ""Время""","Существительные"
"day","[deɪ]","","","","","день","Единицы времени, слова на тему ""Время""","Существительные"
"hour","[ˈaʊə]","","","","","час","Единицы времени, слова на тему ""Время""","Существительные"
"half an hour","[hɑːf ən ˈaʊə]","","","","","полчаса","Единицы времени, слова на тему ""Время""","Существительные"
"minute","[ˈmɪnɪt]","","","","","минута","Единицы времени, слова на тему ""Время""","Существительные"
"second","[ˈsɛkənd]","","","","","секунда","Единицы времени, слова на тему ""Время""","Существительные"
"watch","[wɒʧ]","","","","","наручные часы","Единицы времени, слова на тему ""Время""","Существительные"
"clock","[klɒk]","","","","","настенные часы","Единицы времени, слова на тему ""Время""","Существительные"
"calendar","[ˈkælɪndə]","","","","","календарь","Единицы времени, слова на тему ""Время""","Существительные"
"schedule","[ˈʃɛdjuːl]","","","","","расписание","Единицы времени, слова на тему ""Время""","Существительные"
"season","[ˈsiːzn]","","","","","время года","Месяцы, времена года, дни недели","Существительные"
"winter","[ˈwɪntə]","","","","","зима","Месяцы, времена года, дни недели","Существительные"
"spring","[sprɪŋ]","","","","","весна","Месяцы, времена года, дни недели","Существительные"
"summer","[ˈsʌmə]","","","","","лето","Месяцы, времена года, дни недели","Существительные"
"fall","[fɔːl]","US","autumn",[ˈɔːtəm],UK,"осень","Месяцы, времена года, дни недели","Существительные"
"January","[ˈʤænjʊəri]","","","","","январь","Месяцы, времена года, дни недели","Существительные"
"February","[ˈfɛbrʊəri]","","","","","февраль","Месяцы, времена года, дни недели","Существительные"
"March","[mɑːʧ]","","","","","март","Месяцы, времена года, дни недели","Существительные"
"April","[ˈeɪprəl]","","","","","апрель","Месяцы, времена года, дни недели","Существительные"
"May","[meɪ]","","","","","май","Месяцы, времена года, дни недели","Существительные"
"June","[ʤuːn]","","","","","июнь","Месяцы, времена года, дни недели","Существительные"
"July","[ʤuˈlaɪ]","","","","","июль","Месяцы, времена года, дни недели","Существительные"
"August","[ˈɔːgəst]","","","","","август","Месяцы, времена года, дни недели","Существительные"
"September","[sɛpˈtɛmbə]","","","","","сентябрь","Месяцы, времена года, дни недели","Существительные"
"October","[ɒkˈtəʊbə]","","","","","октябрь","Месяцы, времена года, дни недели","Существительные"
"November","[nəʊˈvɛmbə]","","","","","ноябрь","Месяцы, времена года, дни недели","Существительные"
"December","[dɪˈsɛmbə]","","","","","декабрь","Месяцы, времена года, дни недели","Существительные"
"Monday","[ˈmʌndeɪ]","","","","","понедельник","Месяцы, времена года, дни недели","Существительные"
"Tuesday","[ˈtjuːzdeɪ]","","","","","вторник","Месяцы, времена года, дни недели","Существительные"
"Wednesday","[ˈwɛnzdeɪ]","","","","","среда","Месяцы, времена года, дни недели","Существительные"
"Thursday","[ˈθɜːzdeɪ]","","","","","четверг","Месяцы, времена года, дни недели","Существительные"
"Friday","[ˈfraɪdeɪ]","","","","","пятница","Месяцы, времена года, дни недели","Существительные"
"Saturday","[ˈsætədeɪ]","","","","","суббота","Месяцы, времена года, дни недели","Существительные"
"Sunday","[ˈsʌndeɪ]","","","","","воскресенье","Месяцы, времена года, дни недели","Существительные"
"family","[ˈfæmɪli]","","","","","семья","Семья, родственники","Существительные"
"love","[lʌv]","","","","","любовь","Семья, родственники","Существительные"
"human","[ˈhjuːmən]","","","","","человек","Семья, родственники","Существительные"
"people","[ˈpiːpl]","","","","","народ","Семья, родственники","Существительные"
"man","[mæn]","","","","","мужчина","Семья, родственники","Существительные"
"woman","[ˈwʊmən]","","","","","женщина","Семья, родственники","Существительные"
"boy","[bɔɪ]","","","","","мальчик","Семья, родственники","Существительные"
"guy","[gaɪ]","","","","","парень","Семья, родственники","Существительные"
"girl","[gɜːl]","","","","","девочка","Семья, родственники","Существительные"
"parents","[ˈpeərənts]","","","","","родители","Семья, родственники","Существительные"
"mother","[ˈmʌðə]","","","","","мать","Семья, родственники","Существительные"
"father","[ˈfɑːðə]","","","","","отец","Семья, родственники","Существительные"
"mom","[mɒm]","US","mum",[mʌm],UK,"мама","Семья, родственники","Существительные"
"dad","[dæd]","","","","","папа","Семья, родственники","Существительные"
"grandmother","[ˈgrænˌmʌðə]","","","","","бабушка","Семья, родственники","Существительные"
"grandfather","[ˈgrændˌfɑːðə]","","","","","дедушка","Семья, родственники","Существительные"
"grandparents","[ˈgrænˌpeərənts]","","","","","бабушки и дедушки","Семья, родственники","Существительные"
"brother","[ˈbrʌðə]","","","","","брат","Семья, родственники","Существительные"
"sister","[ˈsɪstə]","","","","","сестра","Семья, родственники","Существительные"
"siblings","[ˈsɪblɪŋz]","","","","","братья и сестры","Семья, родственники","Существительные"
"cousin","[ˈkʌzn]","","","","","кузен","Семья, родственники","Существительные"
"wife","[waɪf]","","","","","жена","Семья, родственники","Существительные"
"husband","[ˈhʌzbənd]","","","","","муж","Семья, родственники","Существительные"
"father-in-law","[ˈfɑːðərɪnlɔː]","","","","","тесть","Семья, родственники","Существительные"
"mother-in-law","[ˈmʌðərɪnlɔː]","","","","","теща","Семья, родственники","Существительные"
"son-in-law","[ˈsʌnɪnlɔː]","","","","","зять","Семья, родственники","Существительные"
"daughter-in-law","[ˈdɔːtərɪnlɔː]","","","","","невестка","Семья, родственники","Существительные"
"son","[sʌn]","","","","","сын","Семья, родственники","Существительные"
"daughter","[ˈdɔːtə]","","","","","дочь","Семья, родственники","Существительные"
"baby","[ˈbeɪbi]","","","","","малыш","Семья, родственники","Существительные"
"children","[ˈʧɪldrən]","","kids",[kɪdz],"","дети","Семья, родственники","Существительные"
"teenager","[ˈtiːnˌeɪʤə]","","","","","подросток","Семья, родственники","Существительные"
"aunt","[ɑːnt]","","","","","тетя","Семья, родственники","Существительные"
"uncle","[ˈʌŋkl]","","","","","дядя","Семья, родственники","Существительные"
"niece","[niːs]","","","","","племянница","Семья, родственники","Существительные"
"nephew","[ˈnɛvju(ː)] [ˈnɛfju(ː)]","","","","","племянник","Семья, родственники","Существительные"
"girlfriend","[ˈgɜːlˌfrɛnd]","","","","","подруга","Семья, родственники","Существительные"
"boyfriend","[ˈbɔɪˌfrɛnd]","","","","","парень","Семья, родственники","Существительные"
"friend","[frɛnd]","","","","","друг","Семья, родственники","Существительные"
"relatives","[ˈrɛlətɪvz]","","","","","родственники","Семья, родственники","Существительные"
"engagement","[ɪnˈgeɪʤmənt]","","","","","помолвка","Семья, родственники","Существительные"
"marriage","[ˈmærɪʤ]","","","","","брак","Семья, родственники","Существительные"
"wedding","[ˈwɛdɪŋ]","","","","","свадьба","Семья, родственники","Существительные"
"fiancée","[fɪ'ɑːn(t)seɪ]","","bride",[braɪd],"","невеста","Семья, родственники","Существительные"
"fiancé","[fɪ'ɑːn(t)seɪ]","","groom/bridegroom",[grʊm] [ˈbraɪdgrʊm],"","жених","Семья, родственники","Существительные"
"funeral","[ˈfjuːnərəl]","","","","","похороны","Семья, родственники","Существительные"
"birth","[bɜːθ]","","","","","рождение","Семья, родственники","Существительные"
"house","[haʊs]","","","","","дом","Дом, одежда, предметы быта","Существительные"
"home","[həʊm]","","","","","дом","Дом, одежда, предметы быта","Существительные"
"apartment","[əpˈɑːtmənt]","US","flat",[flæt],UK,"квартира","Дом, одежда, предметы быта","Существительные"
"roof","[ruːf]","","","","","крыша","Дом, одежда, предметы быта","Существительные"
"room","[ruːm]","","","","","комната","Дом, одежда, предметы быта","Существительные"
"wall","[wɔːl]","","","","","стена","Дом, одежда, предметы быта","Существительные"
"floor","[flɔː]","","","","","пол, этаж","Дом, одежда, предметы быта","Существительные"
"stairs","[steəz]","","","","","лестница","Дом, одежда, предметы быта","Существительные"
"ceiling","[ˈsiːlɪŋ]","","","","","потолок","Дом, одежда, предметы быта","Существительные"
"window","[ˈwɪndəʊ]","","","","","окно","Дом, одежда, предметы быта","Существительные"
"door","[dɔː]","","","","","дверь","Дом, одежда, предметы быта","Существительные"
"doorbell","[ˈdɔːbɛl]","","","","","дверной звонок","Дом, одежда, предметы быта","Существительные"
"lock","[lɒk]","","","","","замок","Дом, одежда, предметы быта","Существительные"
"key","[kiː]","","","","","ключ","Дом, одежда, предметы быта","Существительные"
"furniture","[ˈfɜːnɪʧə]","","","","","мебель","Дом, одежда, предметы быта","Существительные"
"thing","[θɪŋ]","","","","","предмет","Дом, одежда, предметы быта","Существительные"
"lamp","[læmp]","","","","","лампа","Дом, одежда, предметы быта","Существительные"
"light bulb","[laɪt bʌlb]","","","","","лампочка","Дом, одежда, предметы быта","Существительные"
"table","[ˈteɪbl]","","","","","стол","Дом, одежда, предметы быта","Существительные"
"desk","[dɛsk]","","","","","письменный стол","Дом, одежда, предметы быта","Существительные"
"chair","[ʧeə]","","","","","стул","Дом, одежда, предметы быта","Существительные"
"armchair","[ˈɑːmˈʧeə]","","","","","кресло","Дом, одежда, предметы быта","Существительные"
"sofa","[ˈsəʊfə]","","coach",[kəʊʧ],"","диван","Дом, одежда, предметы быта","Существительные"
"stove","[stəʊv]","US","cooker","",UK,"кухонная плита","Дом, одежда, предметы быта","Существительные"
"vacuum cleaner","[ˈvækjʊəm ˈkliːnə]","","","","","пылесос","Дом, одежда, предметы быта","Существительные"
"microwave","[ˈmaɪkrəʊweɪv]","","","","","микроволновая печь","Дом, одежда, предметы быта","Существительные"
"air conditioner","[eə kənˈdɪʃənə]","","AC",[eɪ-siː],"","кондиционер","Дом, одежда, предметы быта","Существительные"
"tap","[tæp]","","faucet",[ˈfɔːsɪt],"","водопроводный кран","Дом, одежда, предметы быта","Существительные"
"shower","[ˈʃaʊə]","","","","","душ","Дом, одежда, предметы быта","Существительные"
"washing machine","[ˈwɒʃɪŋ] [məˈʃiːn]","","","","","стиральная машина","Дом, одежда, предметы быта","Существительные"
"soap","[səʊp]","","","","","мыло","Дом, одежда, предметы быта","Существительные"
"shampoo","[ʃæmˈpuː]","","","","","шампунь","Дом, одежда, предметы быта","Существительные"
"toiletries","[ˈtɔɪlɪtriz]","","","","","туалетные принадлежности","Дом, одежда, предметы быта","Существительные"
"bathroom","[ˈbɑːθru(ː)m]","","","","","ванная комната","Дом, одежда, предметы быта","Существительные"
"mirror","[ˈmɪrə]","","","","","зеркало","Дом, одежда, предметы быта","Существительные"
"hall","[hɔːl]","","","","","зал","Дом, одежда, предметы быта","Существительные"
"hall, hallway","[hɔːl] [ˈhɔːlweɪ]","","","","","коридор","Дом, одежда, предметы быта","Существительные"
"living room","[ˈlɪvɪŋ ruːm]","","","","","гостиная","Дом, одежда, предметы быта","Существительные"
"kitchen","[ˈkɪʧɪn]","","","","","кухня","Дом, одежда, предметы быта","Существительные"
"bedroom","[ˈbɛdru(ː)m]","","","","","спальня","Дом, одежда, предметы быта","Существительные"
"neighbour","[ˈneɪbə]","","neighbor","","","сосед","Дом, одежда, предметы быта","Существительные"
"wardrobe","[ˈwɔːdrəʊb]","","","","","шкаф для одежды","Дом, одежда, предметы быта","Существительные"
"cupboard","[ˈkʌbəd]","","","","","буфет","Дом, одежда, предметы быта","Существительные"
"closet","[ˈklɒzɪt]","","","","","кладовка","Дом, одежда, предметы быта","Существительные"
"dishes","[ˈdɪʃɪz]","","","","","тарелки","Дом, одежда, предметы быта","Существительные"
"cup","[kʌp]","","","","","чашка","Дом, одежда, предметы быта","Существительные"
"fork","[fɔːk]","","","","","вилка","Дом, одежда, предметы быта","Существительные"
"spoon","[spuːn]","","","","","ложка","Дом, одежда, предметы быта","Существительные"
"plate","[pleɪt]","","","","","тарелка","Дом, одежда, предметы быта","Существительные"
"knife","[naɪf]","","","","","нож","Дом, одежда, предметы быта","Существительные"
"tools","[tuːlz]","","","","","инструменты","Дом, одежда, предметы быта","Существительные"
"TV","[ˌtiːˈviː]","","","","","телевизор","Дом, одежда, предметы быта","Существительные"
"remote control","[rɪˈməʊt kənˈtrəʊl]","","","","","пульт управления","Дом, одежда, предметы быта","Существительные"
"computer","[kəmˈpjuːtə]","","","","","компьютер","Дом, одежда, предметы быта","Существительные"
"laptop","[ˈlæpˌtɒp]","","","","","ноутбук","Дом, одежда, предметы быта","Существительные"
"phone","[fəʊn]","","","","","телефон","Дом, одежда, предметы быта","Существительные"
"bed","[bɛd]","","","","","кровать","Дом, одежда, предметы быта","Существительные"
"blanket","[ˈblæŋkɪt]","","","","","одеяло","Дом, одежда, предметы быта","Существительные"
"pillow","[ˈpɪləʊ]","","","","","подушка","Дом, одежда, предметы быта","Существительные"
"pillowcase","[ˈpɪləʊkeɪs]","","","","","наволочка","Дом, одежда, предметы быта","Существительные"
"sheet","[ʃiːt]","","bedsheet","","","простыня","Дом, одежда, предметы быта","Существительные"
"linens","[ˈlɪnɪnz]","","","","","постельное белье","Дом, одежда, предметы быта","Существительные"
"towel","[ˈtaʊəl]","","","","","полотенце","Дом, одежда, предметы быта","Существительные"
"movie","[ˈmuːvi]","","film",[fɪlm],"","фильм","Дом, одежда, предметы быта","Существительные"
"book","[bʊk]","","","","","книга","Дом, одежда, предметы быта","Существительные"
"camera","[ˈkæmərə]","","","","","видеокамера","Дом, одежда, предметы быта","Существительные"
"newspaper","[ˈnjuːzˌpeɪpə]","","","","","газета","Дом, одежда, предметы быта","Существительные"
"magazine","[ˌmægəˈziːn]","","","","","журнал","Дом, одежда, предметы быта","Существительные"
"clothes","[kləʊðz]","","","","","одежда","Дом, одежда, предметы быта","Существительные"
"shirt","[ʃɜːt]","","","","","рубашка","Дом, одежда, предметы быта","Существительные"
"pants","[pænts]","","trousers",[ˈtraʊzəz],"","брюки","Дом, одежда, предметы быта","Существительные"
"jacket","[ˈʤækɪt]","","","","","пиджак","Дом, одежда, предметы быта","Существительные"
"sweater","[ˈswɛtə]","","jumper",[ˈʤʌmpə],"","свитер","Дом, одежда, предметы быта","Существительные"
"hat","[hæt]","","","","","шляпа","Дом, одежда, предметы быта","Существительные"
"cap","[ˈkæp]","","","","","кепка","Дом, одежда, предметы быта","Существительные"
"pocket","[ˈpɒkɪt]","","","","","карман","Дом, одежда, предметы быта","Существительные"
"shorts","[ʃɔːts]","","","","","шорты","Дом, одежда, предметы быта","Существительные"
"shoes","[ʃuːz]","","","","","туфли","Дом, одежда, предметы быта","Существительные"
"dress","[drɛs]","","","","","платье","Дом, одежда, предметы быта","Существительные"
"skirt","[skɜːt]","","","","","юбка","Дом, одежда, предметы быта","Существительные"
"jeans","[ʤiːnz]","","","","","джинсы","Дом, одежда, предметы быта","Существительные"
"underwear","[ˈʌndəweə]","","","","","нижнее белье","Дом, одежда, предметы быта","Существительные"
"socks","[sɒks]","","","","","носки","Дом, одежда, предметы быта","Существительные"
"bag","[bæg]","","","","","сумка","Дом, одежда, предметы быта","Существительные"
"purse","[pɜːs]","","","","","дамская сумочка","Дом, одежда, предметы быта","Существительные"
"coat","[kəʊt]","","","","","пальто","Дом, одежда, предметы быта","Существительные"
"scarf","[skɑːf]","","","","","шарф","Дом, одежда, предметы быта","Существительные"
"gloves","[glʌvz]","","","","","перчатки","Дом, одежда, предметы быта","Существительные"
"wallet","[ˈwɒlɪt]","","","","","бумажник","Дом, одежда, предметы быта","Существительные"
"uniform","[ˈjuːnɪfɔːm]","","","","","униформа","Дом, одежда, предметы быта","Существительные"
"belt","[bɛlt]","","","","","ремень","Дом, одежда, предметы быта","Существительные"
"button","[ˈbʌtn]","","","","","кнопка","Дом, одежда, предметы быта","Существительные"
"zip","[zɪp]","","","","","застежка молния","Дом, одежда, предметы быта","Существительные"
"nature","[ˈneɪʧə]","","","","","природа","Природа","Существительные"
"North","[nɔːθ]","","","","","север","Природа","Существительные"
"South","[saʊθ]","","","","","юг","Природа","Существительные"
"West","[wɛst]","","","","","запад","Природа","Существительные"
"East","[iːst]","","","","","восток","Природа","Существительные"
"Sun","[sʌn]","","","","","солнце","Природа","Существительные"
"Moon","[muːn]","","","","","луна","Природа","Существительные"
"star","[stɑː]","","","","","звезда","Природа","Существительные"
"sky","[skaɪ]","","","","","небо","Природа","Существительные"
"Earth","[ɜːθ]","","","","","Земля","Природа","Существительные"
"ground","[graʊnd]","","","","","земля","Природа","Существительные"
"space","[speɪs]","","","","","космос, пространство","Природа","Существительные"
"air","[eə]","","","","","воздух","Природа","Существительные"
"plant","[plɑːnt]","","","","","растение","Природа","Существительные"
"tree","[triː]","","","","","дерево","Природа","Существительные"
"flower","[ˈflaʊə]","","","","","цветок","Природа","Существительные"
"domestic animal","[dəʊˈmɛstɪk ˈænɪməl]","","","","","домашнее животное","Природа","Существительные"
"wild animal","[waɪld ˈænɪməl]","","","","","дикое животное","Природа","Существительные"
"bird","[bɜːd]","","","","","птица","Природа","Существительные"
"poultry","[ˈpəʊltri]","","","","","домашняя птица","Природа","Существительные"
"pet","[pɛt]","","","","","питомец","Природа","Существительные"
"cat","[kæt]","","","","","кошка","Природа","Существительные"
"dog","[dɒg]","","","","","собака","Природа","Существительные"
"horse","[hɔːs]","","","","","лошадь","Природа","Существительные"
"chicken","[ˈʧɪkɪn]","","","","","курица","Природа","Существительные"
"mouse","[maʊs]","","","","","мышь","Природа","Существительные"
"sea","[siː]","","","","","море","Природа","Существительные"
"seashore","[ˈsiːʃɔː]","","bank",[bæŋk],"","берег","Природа","Существительные"
"river","[ˈrɪvə]","","","","","река","Природа","Существительные"
"snow","[snəʊ]","","","","","снег","Природа","Существительные"
"sand","[sænd]","","","","","песок","Природа","Существительные"
"rain","[reɪn]","","","","","дождь","Природа","Существительные"
"cold","[kəʊld]","","","","","холод","Природа","Существительные"
"heat","[hiːt]","","","","","жара","Природа","Существительные"
"fire","[ˈfaɪə]","","","","","огонь","Природа","Существительные"
"water","[ˈwɔːtə]","","","","","вода","Природа","Существительные"
"wind","[wɪnd]","","","","","ветер","Природа","Существительные"
"storm","[stɔːm]","","","","","буря","Природа","Существительные"
"weather","[ˈwɛðə]","","","","","погода","Природа","Существительные"
"weather forecast","[ˈwɛðə ˈfɔːkɑːst]","","","","","прогноз погоды","Природа","Существительные"
"city","[ˈsɪti]","","town",[taʊn],"","город","Город","Существительные"
"building","[ˈbɪldɪŋ]","","","","","здание","Город","Существительные"
"street","[striːt]","","","","","улица","Город","Существительные"
"block","[blɒk]","","","","","квартал","Город","Существительные"
"traffic lights","[ˈtræfɪk laɪts]","","","","","светофор","Город","Существительные"
"intersection","[ˌɪntə(ː)ˈsɛkʃən]","","","","","перекресток","Город","Существительные"
"crosswalk","[ˈkrɒswɔːk]","","","","","пешеходный переход","Город","Существительные"
"road sign","[rəʊd saɪn]","","traffc sign","","","дорожный знак","Город","Существительные"
"car","[kɑː]","","","","","автомобиль","Город","Существительные"
"public transport","[ˈpʌblɪk ˈtrænspɔːt]","","","","","общественный транспорт","Город","Существительные"
"airport","[ˈeəpɔːt]","","","","","аэропорт","Город","Существительные"
"railway station","[ˈreɪlweɪ ˈsteɪʃən]","","railroad station",[ˈreɪlrəʊd ˈsteɪʃən],"","вокзал","Город","Существительные"
"port","[pɔːt]","","","","","порт","Город","Существительные"
"bus station","[bʌs ˈsteɪʃən]","","bus terminal",[bʌs ˈtɜːmɪnl],"","автобусная станция","Город","Существительные"
"taxi","[ˈtæksi]","","","","","такси","Город","Существительные"
"bridge","[brɪʤ]","","","","","мост","Город","Существительные"
"shop","[ʃɒp]","","","","","магазин","Город","Существительные"
"mall","[mɔːl]","","","","","торговый центр","Город","Существительные"
"cinema","[ˈsɪnəmə]","UK","movie theater","",US,"кинотеатр","Город","Существительные"
"theatre","[ˈθɪətə]","","theater","","","театр","Город","Существительные"
"police department","[pəˈliːs dˈepətmənt]","","","","","полицейский участок","Город","Существительные"
"hospital","[ˈhɒspɪtl]","","","","","больница","Город","Существительные"
"hotel","[həʊˈtɛl]","","","","","гостиница","Город","Существительные"
"post office","[pəʊst ˈɒfɪs]","","","","","почта","Город","Существительные"
"wi-fi","[ˌwaɪ'faɪ]","","","","","вай-фай","Город","Существительные"
"embassy","[ˈɛmbəsi]","","","","","посольство","Город","Существительные"
"ambassador","[æmˈbæsədə]","","","","","посол","Город","Существительные"
"passer-by","[ˈpɑːsə baɪ]","","","","","прохожий","Город","Существительные"
"pedestrian","[pɪˈdɛstrɪən]","","","","","пешеход","Город","Существительные"
"police officer","[pəˈliːs ˈɒfɪsə]","","","","","полицейский","Город","Существительные"
"emergency","[ɪˈmɜːʤənsi]","","","","","чрезвычайная ситуация","Город","Существительные"
"map","[mæp]","","","","","карта","Город","Существительные"
"subway","[ˈsʌbweɪ]","","","","","метро","Город","Существительные"
"station","[ˈsteɪʃən]","","","","","станция","Город","Существительные"
"stop","[stɒp]","","","","","остановка","Город","Существительные"
"sightseeing","[ˈsaɪtˌsiːɪŋ]","","","","","осмотр достопримечательностей","Город","Существительные"
"work","[wɜːk]","","","","","работа","Работа и деньги","Существительные"
"job","[ʤɒb]","","","","","работа","Работа и деньги","Существительные"
"office","[ˈɒfɪs]","","","","","офис","Работа и деньги","Существительные"
"workplace","[ˈwɜːkˌpleɪs]","","","","","рабочее место","Работа и деньги","Существительные"
"working hours","[ˈwɜːkɪŋ ˈaʊəz]","","","","","рабочие часы","Работа и деньги","Существительные"
"schedule","[ˈʃɛdjuːl]","","","","","график","Работа и деньги","Существительные"
"colleague","[ˈkɒliːg]","","","","","коллега","Работа и деньги","Существительные"
"CV","[siː-viː]","","resume",[ˈrɛzju(ː)meɪ],"","резюме","Работа и деньги","Существительные"
"payday","[ˈpeɪdeɪ]","","","","","день зарплаты","Работа и деньги","Существительные"
"paycheck","[ˈpeɪˌʧɛk]","","","","","зарплатный чек","Работа и деньги","Существительные"
"salary","[ˈsæləri]","","","","","зарплата","Работа и деньги","Существительные"
"duties","[ˈdjuːtiz]","","","","","обязанности","Работа и деньги","Существительные"
"employer","[ɪmˈplɔɪə]","","","","","работодатель","Работа и деньги","Существительные"
"employee","[ˌɛmplɔɪˈiː]","","","","","работник","Работа и деньги","Существительные"
"social security","[ˈsəʊʃəl sɪˈkjʊərɪti]","","","","","социальное страхование","Работа и деньги","Существительные"
"job interview","[ʤɒb ˈɪntəvjuː]","","","","","собеседование","Работа и деньги","Существительные"
"health","[hɛlθ]","","","","","здоровье","Работа и деньги","Существительные"
"money","[ˈmʌni]","","","","","деньги","Работа и деньги","Существительные"
"cash","[kæʃ]","","","","","наличные","Работа и деньги","Существительные"
"bill","[bɪl]","","","","","купюра","Работа и деньги","Существительные"
"coin","[kɔɪn]","","","","","монета","Работа и деньги","Существительные"
"change","[ʧeɪnʤ]","","","","","сдача","Работа и деньги","Существительные"
"payment","[ˈpeɪmənt]","","","","","платеж","Работа и деньги","Существительные"
"check","[ʧɛk]","","cheque","","","чек","Работа и деньги","Существительные"
"bank","[bæŋk]","","","","","банк","Работа и деньги","Существительные"
"ATM","[eɪ-tiː-ɛm]","","automated teller machine",[ˈɔːtəmeɪtɪd ˈtɛlə məˈʃiːn],"","банкомат","Работа и деньги","Существительные"
"bank card","[bæŋk kɑːd]","","","","","банковская карта","Работа и деньги","Существительные"
"tips","[tɪps]","","","","","чаевые","Работа и деньги","Существительные"
"receipt","[rɪˈsiːt]","","","","","чек","Работа и деньги","Существительные"
"money transfer","[ˈmʌni ˈtrænsfə(ː)]","","","","","денежный перевод","Работа и деньги","Существительные"
"fine","[faɪn]","","","","","штраф","Работа и деньги","Существительные"
"budget","[ˈbʌʤɪt]","","","","","бюджет","Работа и деньги","Существительные"
"food","[fuːd]","","","","","еда","Еда и напитки","Существительные"
"breakfast","[ˈbrɛkfəst]","","","","","завтрак","Еда и напитки","Существительные"
"dinner","[ˈdɪnə]","","","","","обед","Еда и напитки","Существительные"
"lunch","[lʌnʧ]","","","","","ланч","Еда и напитки","Существительные"
"supper","[ˈsʌpə]","","","","","ужин","Еда и напитки","Существительные"
"meal","[miːl]","","","","","блюдо","Еда и напитки","Существительные"
"drink","[drɪŋk]","","beverage",[ˈbɛvərɪʤ],"","напиток","Еда и напитки","Существительные"
"alcohol","[ˈælkəhɒl]","","","","","алкоголь","Еда и напитки","Существительные"
"water","[ˈwɔːtə]","","","","","вода","Еда и напитки","Существительные"
"coffee","[ˈkɒfi]","","","","","кофе","Еда и напитки","Существительные"
"tea","[tiː]","","","","","чай","Еда и напитки","Существительные"
"wine","[waɪn]","","","","","вино","Еда и напитки","Существительные"
"juice","[ʤuːs]","","","","","сок","Еда и напитки","Существительные"
"meat","[miːt]","","","","","мясо","Еда и напитки","Существительные"
"cereal","[ˈsɪərɪəl]","","","","","хлопья","Еда и напитки","Существительные"
"bread","[brɛd]","","","","","хлеб","Еда и напитки","Существительные"
"vegetables","[ˈvɛʤɪtəblz]","","","","","овощи","Еда и напитки","Существительные"
"fruit","[fruːt]","","","","","фрукты","Еда и напитки","Существительные"
"fish","[fɪʃ]","","","","","рыба","Еда и напитки","Существительные"
"oil","[ɔɪl]","","","","","растительное масло","Еда и напитки","Существительные"
"butter","[ˈbʌtə]","","","","","сливочное масло","Еда и напитки","Существительные"
"snack","[snæk]","","","","","закуска","Еда и напитки","Существительные"
"candy","[ˈkændi]","","","","","леденец","Еда и напитки","Существительные"
"pastry","[ˈpeɪstri]","","","","","выпечка","Еда и напитки","Существительные"
"diet","[ˈdaɪət]","","","","","диета","Еда и напитки","Существительные"
"fridge","[frɪʤ]","","refrigerator",[rɪˈfrɪʤəreɪtə],"","холодильник","Еда и напитки","Существительные"
"fork","[fɔːk]","","","","","вилка","Еда и напитки","Существительные"
"spoon","[spuːn]","","","","","ложка","Еда и напитки","Существительные"
"glass","[glɑːs]","","","","","стакан","Еда и напитки","Существительные"
"cup","[kʌp]","","","","","чашка","Еда и напитки","Существительные"
"mug","[mʌg]","","","","","кружка","Еда и напитки","Существительные"
"plate","[pleɪt]","","dish",[dɪʃ],"","тарелка","Еда и напитки","Существительные"
"study","[ˈstʌdi]","","","","","изучение","Образование","Существительные"
"school","[skuːl]","","","","","школа","Образование","Существительные"
"college","[ˈkɒlɪʤ]","","","","","колледж","Образование","Существительные"
"university","[ˌjuːnɪˈvɜːsɪti]","","","","","университет","Образование","Существительные"
"education","[ˌɛdju(ː)ˈkeɪʃən]","","","","","образование","Образование","Существительные"
"degree","[dɪ'griː]","","","","","ученая степень","Образование","Существительные"
"graduate","[ˈgrædjʊət]","","","","","выпускник","Образование","Существительные"
"diploma","[dɪˈpləʊmə]","","","","","диплом","Образование","Существительные"
"textbook","[ˈtɛkstbʊk]","","","","","учебник","Образование","Существительные"
"notebook","[ˈnəʊtbʊk]","","copybook",[ˈkɒpɪbʊk],"","тетрадь","Образование","Существительные"
"notepad","[ˈnəʊtˌpæd]","","","","","блокнот","Образование","Существительные"
"pen","[pɛn]","","","","","авторучка","Образование","Существительные"
"pencil","[ˈpɛnsl]","","","","","карандаш","Образование","Существительные"
"blackboard","[ˈblækbɔːd]","","","","","школьная доска","Образование","Существительные"
"whiteboard","[ˈwaɪtbɔːd]","","","","","маркерная доска","Образование","Существительные"
"classroom","[ˈklɑːsrʊm]","","","","","класс","Образование","Существительные"
"class","[klɑːs]","","lesson",[ˈlɛsn],"","урок","Образование","Существительные"
"grade","[greɪd]","","","","","ученая степень","Образование","Существительные"
"mark","[mɑːk]","","grade",[greɪd],"","оценка","Образование","Существительные"
"pupil","[ˈpjuːpl]","","","","","ученик","Образование","Существительные"
"student","[ˈstjuːdənt]","","","","","студент","Образование","Существительные"
"teacher","[ˈtiːʧə]","","","","","учитель","Образование","Существительные"
"exam","[ɪgˈzæm]","","examination",[ɪgˌzæmɪˈneɪʃən],"","экзамен","Образование","Существительные"
"test","[tɛst]","","","","","тест","Образование","Существительные"
"color","[ˈkʌlə]","","colour","","","цвет","Цвета","Прилагательные"
"black","[blæk]","","","","","черный","Цвета","Прилагательные"
"white","[waɪt]","","","","","белый","Цвета","Прилагательные"
"dark","[dɑːk]","","","","","темный","Цвета","Прилагательные"
"light","[laɪt]","","","","","светлый","Цвета","Прилагательные"
"red","[rɛd]","","","","","красный","Цвета","Прилагательные"
"orange","[ˈɒrɪnʤ]","","","","","оранжевый","Цвета","Прилагательные"
"yellow","[ˈjɛləʊ]","","","","","желтый","Цвета","Прилагательные"
"green","[griːn]","","","","","зеленый","Цвета","Прилагательные"
"blue","[bluː]","","","","","синий","Цвета","Прилагательные"
"purple","[ˈpɜːpl]","","","","","фиолетовый","Цвета","Прилагательные"
"violet","[ˈvaɪəlɪt]","","","","","темно-фиолетовый","Цвета","Прилагательные"
"pink","[pɪŋk]","","","","","розовый","Цвета","Прилагательные"
"silver","[ˈsɪlvə]","","","","","серебристый","Цвета","Прилагательные"
"gold","[gəʊld]","","","","","золотой","Цвета","Прилагательные"
"brown","[braʊn]","","","","","коричневый","Цвета","Прилагательные"
"grey","[greɪ]","","gray","","","серый","Цвета","Прилагательные"
"big","[bɪg]","","","","","большой","Вес и размер","Прилагательные"
"large","[lɑːʤ]","","great, huge, enormous","[greɪt], [hjuːʤ], [ɪˈnɔːməs]","","огромный","Вес и размер","Прилагательные"
"small","[smɔːl]","","","","","маленький","Вес и размер","Прилагательные"
"little","[ˈlɪtl]","","","","","маленький","Вес и размер","Прилагательные"
"tiny","[ˈtaɪni]","","","","","крошечный","Вес и размер","Прилагательные"
"long","[lɒŋ]","","","","","длинный","Вес и размер","Прилагательные"
"tall","[tɔːl]","","","","","высокий","Вес и размер","Прилагательные"
"high","[haɪ]","","","","","высокий","Вес и размер","Прилагательные"
"short","[ʃɔːt]","","","","","короткий","Вес и размер","Прилагательные"
"thin","[θɪn]","","","","","тонкий","Вес и размер","Прилагательные"
"thick","[θɪk]","","","","","толстый","Вес и размер","Прилагательные"
"wide","[waɪd]","","broad",[brɔːd],"","широкий","Вес и размер","Прилагательные"
"narrow","[ˈnærəʊ]","","","","","узкий","Вес и размер","Прилагательные"
"heavy","[ˈhɛvi]","","","","","тяжелый","Вес и размер","Прилагательные"
"light","[laɪt]","","lightweight",[ˈlaɪtweɪt],"","легкий","Вес и размер","Прилагательные"
"good","[gʊd]","","","","","хороший","Различные качества и свойства","Прилагательные"
"bad","[bæd]","","","","","плохой","Различные качества и свойства","Прилагательные"
"cheap","[ʧiːp]","","","","","дешевый","Различные качества и свойства","Прилагательные"
"expensive","[ɪksˈpɛnsɪv]","","","","","дорогой","Различные качества и свойства","Прилагательные"
"convenient","[kənˈviːnjənt]","","handy, comfortable","[ˈhændi], [ˈkʌmfətəbl]","","удобный","Различные качества и свойства","Прилагательные"
"tasty","[ˈteɪsti]","","","","","вкусный","Различные качества и свойства","Прилагательные"
"sweet","[swiːt]","","","","","сладкий","Различные качества и свойства","Прилагательные"
"salty","[ˈsɔːlti]","","","","","соленый","Различные качества и свойства","Прилагательные"
"bitter","[ˈbɪtə]","","","","","горький","Различные качества и свойства","Прилагательные"
"sour","[ˈsaʊə]","","","","","кислый","Различные качества и свойства","Прилагательные"
"hot","[hɒt]","","","","","горячий","Различные качества и свойства","Прилагательные"
"cold","[kəʊld]","","","","","холодный","Различные качества и свойства","Прилагательные"
"cool","[kuːl]","","","","","прохладный","Различные качества и свойства","Прилагательные"
"distgusting","[dɪstgˈʌstɪŋ]","","","","","мерзкий","Различные качества и свойства","Прилагательные"
"ugly","[ˈʌgli]","","","","","отвратительный","Различные качества и свойства","Прилагательные"
"beautiful","[ˈbjuːtəfʊl]","","","","","красивый","Различные качества и свойства","Прилагательные"
"scary","[ˈskeəri]","","","","","страшный","Различные качества и свойства","Прилагательные"
"funny","[ˈfʌni]","","","","","смешной","Различные качества и свойства","Прилагательные"
"interesting","[ˈɪntrɪstɪŋ]","","","","","интересный","Различные качества и свойства","Прилагательные"
"boring","[ˈbɔːrɪŋ]","","","","","скучный","Различные качества и свойства","Прилагательные"
"true","[truː]","","","","","истинный","Различные качества и свойства","Прилагательные"
"false","[fɔːls]","","","","","ложный","Различные качества и свойства","Прилагательные"
"useful","[ˈjuːsfʊl]","","","","","полезный","Различные качества и свойства","Прилагательные"
"useless","[ˈjuːslɪs]","","","","","бесполезный","Различные качества и свойства","Прилагательные"
"soft","[sɒft]","","","","","мягкий","Различные качества и свойства","Прилагательные"
"solid","[ˈsɒlɪd]","","","","","твердый","Различные качества и свойства","Прилагательные"
"liquid","[ˈlɪkwɪd]","","","","","жидкий","Различные качества и свойства","Прилагательные"
"hard","[hɑːd]","","","","","жесткий","Различные качества и свойства","Прилагательные"
"easy","[ˈiːzi]","","simple",[ˈsɪmpl],"","простой","Различные качества и свойства","Прилагательные"
"hard","[hɑːd]","","difficult",[ˈdɪfɪkəlt],"","сложный","Различные качества и свойства","Прилагательные"
"young","[jʌŋ]","","","","","молодой","Качества, характер человека","Прилагательные"
"old","[əʊld]","","","","","старый","Качества, характер человека","Прилагательные"
"adult","[əˈdʌlt]","","","","","взрослый","Качества, характер человека","Прилагательные"
"lazy","[ˈleɪzi]","","","","","ленивый","Качества, характер человека","Прилагательные"
"hardworking","[ˈhɑːdˌwɜːkɪŋ]","","","","","трудолюбивый","Качества, характер человека","Прилагательные"
"smart","[smɑːt]","","","","","умный","Качества, характер человека","Прилагательные"
"stupid","[ˈstjuːpɪd]","","","","","глупый","Качества, характер человека","Прилагательные"
"kind","[kaɪnd]","","","","","добрый","Качества, характер человека","Прилагательные"
"mean","[miːn]","","","","","злой","Качества, характер человека","Прилагательные"
"good","[gʊd]","","","","","хороший","Качества, характер человека","Прилагательные"
"bad","[bæd]","","","","","плохой","Качества, характер человека","Прилагательные"
"nice","[naɪs]","","","","","приятный","Качества, характер человека","Прилагательные"
"cute","[kjuːt]","","","","","милый","Качества, характер человека","Прилагательные"
"optimistic","[ˌɒptɪˈmɪstɪk]","","","","","оптимистичный","Качества, характер человека","Прилагательные"
"pessimistic","[ˌpɛsɪˈmɪstɪk]","","","","","пессимистичный","Качества, характер человека","Прилагательные"
"curious","[ˈkjʊərɪəs]","","","","","любопытный","Качества, характер человека","Прилагательные"
"positive","[ˈpɒzətɪv]","","","","","позитивный","Качества, характер человека","Прилагательные"
"cruel","[krʊəl]","","","","","жестокий","Качества, характер человека","Прилагательные"
"calm","[kɑːm]","","","","","спокойный","Качества, характер человека","Прилагательные"
"brave","[breɪv]","","","","","смелый","Качества, характер человека","Прилагательные"
"cowardly","[ˈkaʊəd]","","","","","трусливый","Качества, характер человека","Прилагательные"
"cool","[kuːl]","","","","","прикольный","Качества, характер человека","Прилагательные"
"tough","[tʌf]","","","","","крутой","Качества, характер человека","Прилагательные"
"honest","[ˈɒnɪst]","","","","","честный","Качества, характер человека","Прилагательные"
"happy","[ˈhæpi]","","","","","счастливый","Качества, характер человека","Прилагательные"
"sad","[sæd]","","","","","печальный","Качества, характер человека","Прилагательные"
"angry","[ˈæŋgri]","","","","","сердитый","Качества, характер человека","Прилагательные"
"scared","[skeəd]","","","","","испуганный","Качества, характер человека","Прилагательные"
"tired","[ˈtaɪəd]","","","","","уставший","Качества, характер человека","Прилагательные"
"bored","[bɔːd]","","","","","скучающий","Качества, характер человека","Прилагательные"
"helpful","[ˈhɛlpfʊl]","","","","","готовый помочь","Качества, характер человека","Прилагательные"
"reliable","[rɪˈlaɪəbl]","","","","","надежный","Качества, характер человека","Прилагательные"
"responsible","[rɪsˈpɒnsəbl]","","","","","ответственный","Качества, характер человека","Прилагательные"
"now","[naʊ]","","","","","сейчас","Наречия времени","Наречия"
"then","[ðɛn]","","","","","тогда","Наречия времени","Наречия"
"again","[əˈgɛn]","","","","","снова","Наречия времени","Наречия"
"always","[ˈɔːlweɪz]","","","","","всегда","Наречия времени","Наречия"
"never","[ˈnɛvə]","","","","","никогда","Наречия времени","Наречия"
"soon","[suːn]","","","","","скоро","Наречия времени","Наречия"
"late","[leɪt]","","","","","поздно","Наречия времени","Наречия"
"early","[ˈɜːli]","","","","","рано","Наречия времени","Наречия"
"before","[bɪˈfɔː]","","","","","до","Наречия времени","Наречия"
"after","[ˈɑːftə]","","","","","после","Наречия времени","Наречия"
"yesterday","[ˈjɛstədeɪ]","","","","","вчера","Наречия времени","Наречия"
"today","[təˈdeɪ]","","","","","сегодня","Наречия времени","Наречия"
"tomorrow","[təˈmɒrəʊ]","","","","","завтра","Наречия времени","Наречия"
"next week","[nɛkst wiːk] [jɪə]","","","","","на следующей неделе","Наречия времени","Наречия"
"every day","[ˈɛvri deɪ] [wiːk] [mʌnθ]","","","","","каждый день","Наречия времени","Наречия"
"this morning","[ðɪs ˈmɔːnɪŋ] [ˈɑːftəˈnuːn]","","","","","этим утром","Наречия времени","Наречия"
"tonight","[təˈnaɪt]","","","","","этим вечером","Наречия времени","Наречия"
"sometimes","[ˈsʌmtaɪmz]","","","","","иногда","Наречия времени","Наречия"
"often","[ˈɒf (t)(ə)n]","","","","","часто","Наречия времени","Наречия"
"rarely","[ˈreəli]","","seldom",[ˈsɛldəm],"","редко","Наречия времени","Наречия"
"recently","[ˈriːsntli]","","","","","недавно","Наречия времени","Наречия"
"lately","[ˈleɪtli]","","","","","в последнее время","Наречия времени","Наречия"
"once","[wʌns]","","","","","однажды","Наречия времени","Наречия"
"usually","[ˈjuːʒʊəli]","","","","","обычно","Наречия времени","Наречия"
"already","[ɔːlˈrɛdi]","","","","","уже","Наречия времени","Наречия"
"yet","[jɛt]","","","","","уже","Наречия времени","Наречия"
"not yet","[nɒt jɛt]","","","","","еще не","Наречия времени","Наречия"
"still","[stɪl]","","","","","все еще","Наречия времени","Наречия"
"here","[hɪə]","","","","","здесь","Наречия места","Наречия"
"there","[ðeə]","","","","","там","Наречия места","Наречия"
"where","[weə]","","","","","где","Наречия места","Наречия"
"around","[əˈraʊnd]","","","","","вокруг","Наречия места","Наречия"
"inside","[ɪnˈsaɪd]","","","","","внутри","Наречия места","Наречия"
"outside","[ˌaʊtˈsaɪd]","","","","","снаружи","Наречия места","Наречия"
"above","[əˈbʌv]","","","","","над","Наречия места","Наречия"
"under","[ˈʌndə]","","below",[bɪˈləʊ],"","под","Наречия места","Наречия"
"somewhere","[ˈsʌmweə]","","","","","где-то","Наречия места","Наречия"
"anywhere","[ˈɛnɪweə]","","","","","где-нибудь","Наречия места","Наречия"
"nowhere","[ˈnəʊweə]","","","","","нигде","Наречия места","Наречия"
"only","[ˈəʊnli]","","","","","только","Наречия меры и степени","Наречия"
"much","[mʌʧ]","","","","","много","Наречия меры и степени","Наречия"
"little","[ˈlɪtl]","","","","","мало","Наречия меры и степени","Наречия"
"very","[ˈvɛri]","","","","","очень","Наречия меры и степени","Наречия"
"so","[səʊ]","","","","","так","Наречия меры и степени","Наречия"
"enough","[ɪˈnʌf]","","","","","достаточно","Наречия меры и степени","Наречия"
"almost","[ˈɔːlməʊst]","","","","","почти","Наречия меры и степени","Наречия"
"well","[wɛl]","","","","","хорошо","Наречия образа действия","Наречия"
"bad","[bæd]","","","","","плохо","Наречия образа действия","Наречия"
"fast","[fɑːst]","","","","","быстро","Наречия образа действия","Наречия"
"quickly","[ˈkwɪkli]","","","","","быстро","Наречия образа действия","Наречия"
"slowly","[ˈsləʊli]","","","","","медленно","Наречия образа действия","Наречия"
"too","[tuː]","","","","","слишком","Наречия образа действия","Наречия"
